region,phone,create_time
852,31421250,Tue Jul 16 2024 06:33:49 GMT+0000 (Coordinated Universal Time)
852,31421255,Tue Jul 16 2024 06:33:35 GMT+0000 (Coordinated Universal Time)
852,41241242,Tue Jul 16 2024 06:33:00 GMT+0000 (Coordinated Universal Time)
852,41241240,Tue Jul 16 2024 06:32:48 GMT+0000 (Coordinated Universal Time)
852,41241241,Tue Jul 16 2024 06:32:43 GMT+0000 (Coordinated Universal Time)
852,42145570,Tue Jul 16 2024 06:31:46 GMT+0000 (Coordinated Universal Time)
852,42145578,Tue Jul 16 2024 06:31:33 GMT+0000 (Coordinated Universal Time)
852,34121200,Tue Jul 16 2024 06:29:38 GMT+0000 (Coordinated Universal Time)
852,34121211,Tue Jul 16 2024 06:29:20 GMT+0000 (Coordinated Universal Time)
852,34121231,Tue Jul 16 2024 06:28:48 GMT+0000 (Coordinated Universal Time)
852,34124111,Tue Jul 16 2024 06:28:27 GMT+0000 (Coordinated Universal Time)
852,34124100,Tue Jul 16 2024 06:28:08 GMT+0000 (Coordinated Universal Time)
852,34124112,Tue Jul 16 2024 06:27:54 GMT+0000 (Coordinated Universal Time)
852,34124120,Tue Jul 16 2024 06:27:35 GMT+0000 (Coordinated Universal Time)
852,34124121,Tue Jul 16 2024 06:27:23 GMT+0000 (Coordinated Universal Time)
852,12412412,Tue Jul 16 2024 06:27:04 GMT+0000 (Coordinated Universal Time)
852,12342140,Tue Jul 16 2024 06:26:46 GMT+0000 (Coordinated Universal Time)
852,12342141,Tue Jul 16 2024 06:26:28 GMT+0000 (Coordinated Universal Time)
852,22223333,Fri Jul 12 2024 10:34:22 GMT+0000 (Coordinated Universal Time)
852,31421142,Fri Jul 12 2024 08:49:12 GMT+0000 (Coordinated Universal Time)
852,66666666,Fri Jul 12 2024 08:43:47 GMT+0000 (Coordinated Universal Time)
852,21342163,Fri Jul 12 2024 08:29:43 GMT+0000 (Coordinated Universal Time)
852,41231255,Fri Jul 12 2024 08:29:29 GMT+0000 (Coordinated Universal Time)
852,21345214,Fri Jul 12 2024 08:21:29 GMT+0000 (Coordinated Universal Time)
852,23456781,Fri Jul 12 2024 08:20:40 GMT+0000 (Coordinated Universal Time)
852,45678908,Fri Jul 12 2024 08:17:23 GMT+0000 (Coordinated Universal Time)
852,45678907,Fri Jul 12 2024 08:15:04 GMT+0000 (Coordinated Universal Time)
852,45678906,Fri Jul 12 2024 08:13:48 GMT+0000 (Coordinated Universal Time)
852,23244555,Fri Jul 12 2024 08:13:27 GMT+0000 (Coordinated Universal Time)
852,45678905,Fri Jul 12 2024 08:04:23 GMT+0000 (Coordinated Universal Time)
852,45678904,Fri Jul 12 2024 08:04:07 GMT+0000 (Coordinated Universal Time)
852,45678903,Fri Jul 12 2024 07:55:15 GMT+0000 (Coordinated Universal Time)
852,45678902,Fri Jul 12 2024 07:55:07 GMT+0000 (Coordinated Universal Time)
852,12346787,Fri Jul 12 2024 07:46:23 GMT+0000 (Coordinated Universal Time)
852,53431340,Fri Jul 12 2024 07:45:28 GMT+0000 (Coordinated Universal Time)
852,53431342,Fri Jul 12 2024 07:44:53 GMT+0000 (Coordinated Universal Time)
852,45678901,Fri Jul 12 2024 07:42:59 GMT+0000 (Coordinated Universal Time)
852,23456789,Fri Jul 12 2024 07:39:22 GMT+0000 (Coordinated Universal Time)
852,53434310,Fri Jul 12 2024 07:37:48 GMT+0000 (Coordinated Universal Time)
852,33333333,Fri Jul 12 2024 07:36:51 GMT+0000 (Coordinated Universal Time)
852,53434312,Fri Jul 12 2024 07:34:37 GMT+0000 (Coordinated Universal Time)
852,13241214,Fri Jul 12 2024 07:33:19 GMT+0000 (Coordinated Universal Time)
852,12413215,Fri Jul 12 2024 07:27:58 GMT+0000 (Coordinated Universal Time)
852,13421350,Fri Jul 12 2024 07:25:20 GMT+0000 (Coordinated Universal Time)
852,13421352,Fri Jul 12 2024 07:24:59 GMT+0000 (Coordinated Universal Time)
852,52432111,Fri Jul 12 2024 07:24:49 GMT+0000 (Coordinated Universal Time)
852,52432140,Fri Jul 12 2024 07:24:14 GMT+0000 (Coordinated Universal Time)
852,52432142,Fri Jul 12 2024 07:24:04 GMT+0000 (Coordinated Universal Time)
852,64641111,Fri Jul 12 2024 06:54:28 GMT+0000 (Coordinated Universal Time)
852,76119900,Fri Jul 12 2024 06:53:39 GMT+0000 (Coordinated Universal Time)
852,32445566,Fri Jul 12 2024 06:50:30 GMT+0000 (Coordinated Universal Time)
852,12345678,Fri Jul 12 2024 06:38:31 GMT+0000 (Coordinated Universal Time)
852,13421321,Fri Jul 12 2024 06:25:37 GMT+0000 (Coordinated Universal Time)
852,13432131,Fri Jul 12 2024 06:23:36 GMT+0000 (Coordinated Universal Time)
852,31213453,Fri Jul 12 2024 06:15:56 GMT+0000 (Coordinated Universal Time)
852,14213412,Fri Jul 12 2024 06:13:30 GMT+0000 (Coordinated Universal Time)
852,53432142,Fri Jul 12 2024 06:10:22 GMT+0000 (Coordinated Universal Time)
852,87878787,Fri Jul 12 2024 05:46:37 GMT+0000 (Coordinated Universal Time)
852,42314412,Fri Jul 12 2024 05:22:56 GMT+0000 (Coordinated Universal Time)
852,41531320,Fri Jul 12 2024 05:22:26 GMT+0000 (Coordinated Universal Time)
852,77772222,Fri Jul 12 2024 05:21:11 GMT+0000 (Coordinated Universal Time)
852,41531321,Fri Jul 12 2024 05:20:03 GMT+0000 (Coordinated Universal Time)
852,14531213,Fri Jul 12 2024 05:19:34 GMT+0000 (Coordinated Universal Time)
852,31231421,Fri Jul 12 2024 05:19:11 GMT+0000 (Coordinated Universal Time)
852,31214121,Fri Jul 12 2024 05:07:41 GMT+0000 (Coordinated Universal Time)
852,42134123,Fri Jul 12 2024 05:06:26 GMT+0000 (Coordinated Universal Time)
852,53423342,Fri Jul 12 2024 05:05:57 GMT+0000 (Coordinated Universal Time)
852,53425232,Fri Jul 12 2024 05:05:38 GMT+0000 (Coordinated Universal Time)
852,53452523,Fri Jul 12 2024 05:04:36 GMT+0000 (Coordinated Universal Time)
852,31241256,Fri Jul 12 2024 05:03:31 GMT+0000 (Coordinated Universal Time)
852,52314214,Fri Jul 12 2024 05:02:44 GMT+0000 (Coordinated Universal Time)
852,67576464,Fri Jul 12 2024 04:54:01 GMT+0000 (Coordinated Universal Time)
852,75654654,Fri Jul 12 2024 04:53:26 GMT+0000 (Coordinated Universal Time)
852,12314213,Fri Jul 12 2024 03:53:07 GMT+0000 (Coordinated Universal Time)
852,66556655,Fri Jul 12 2024 03:26:56 GMT+0000 (Coordinated Universal Time)
852,13142141,Fri Jul 12 2024 03:25:09 GMT+0000 (Coordinated Universal Time)
852,12121210,Fri Jul 12 2024 03:21:42 GMT+0000 (Coordinated Universal Time)
852,12121212,Fri Jul 12 2024 03:21:32 GMT+0000 (Coordinated Universal Time)
852,13412411,Fri Jul 12 2024 03:20:53 GMT+0000 (Coordinated Universal Time)
852,13412412,Fri Jul 12 2024 03:20:45 GMT+0000 (Coordinated Universal Time)
852,32142141,Fri Jul 12 2024 02:58:50 GMT+0000 (Coordinated Universal Time)
852,45454545,Fri Jul 12 2024 02:41:51 GMT+0000 (Coordinated Universal Time)
852,12341241,Fri Jul 12 2024 02:37:03 GMT+0000 (Coordinated Universal Time)
852,31214420,Fri Jul 12 2024 02:36:29 GMT+0000 (Coordinated Universal Time)
852,31214421,Fri Jul 12 2024 02:36:21 GMT+0000 (Coordinated Universal Time)
